{
    "pagination": {
        "next_url": "https://api.instagram.com/v1/users/242058556/media/recent?access_token=230563689.fbe2bc2.dcb4c372cbfc46ac94e5cd931b3c58ae&max_id=563209370045224041_242058556",
        "next_max_id": "563209370045224041_242058556"
    },
    "meta": {
        "code": 200
    },
    "data": [
        {
            "attribution": null,
            "tags": [
                "bvc",
                "itsthelittlethings"
            ],
            "type": "image",
            "location": null,
            "comments": {
                "count": 0,
                "data": []
            },
            "filter": "Mayfair",
            "created_time": "1382391410",
            "link": "http://instagram.com/p/fvqmt6t5eU/",
            "likes": {
                "count": 9,
                "data": [
                    {
                        "username": "ms_cazz",
                        "profile_picture": "http://images.ak.instagram.com/profiles/profile_263717427_75sq_1378668662.jpg",
                        "id": "263717427",
                        "full_name": "Fashion and Coctails....."
                    },
                    {
                        "username": "kristypm35",
                        "profile_picture": "http://images.ak.instagram.com/profiles/profile_54286381_75sq_1340719822.jpg",
                        "id": "54286381",
                        "full_name": "kristy pettey-martin"
                    },
                    {
                        "username": "nathanielfarrier",
                        "profile_picture": "http://images.ak.instagram.com/profiles/profile_235459630_75sq_1376230860.jpg",
                        "id": "235459630",
                        "full_name": "Nathaniel Farrier"
                    },
                    {
                        "username": "banwelllucy",
                        "profile_picture": "http://images.ak.instagram.com/profiles/profile_304930781_75sq_1380327429.jpg",
                        "id": "304930781",
                        "full_name": "Lucy Banwell"
                    }
                ]
            },
            "images": {
                "low_resolution": {
                    "url": "http://distilleryimage8.s3.amazonaws.com/e51036583a9811e3bf5922000a1f8cdc_6.jpg",
                    "width": 306,
                    "height": 306
                },
                "thumbnail": {
                    "url": "http://distilleryimage8.s3.amazonaws.com/e51036583a9811e3bf5922000a1f8cdc_5.jpg",
                    "width": 150,
                    "height": 150
                },
                "standard_resolution": {
                    "url": "http://distilleryimage8.s3.amazonaws.com/e51036583a9811e3bf5922000a1f8cdc_8.jpg",
                    "width": 640,
                    "height": 640
                }
            },
            "users_in_photo": [],
            "caption": {
                "created_time": "1382391413",
                "text": "End the night on a sweet note. #BVC #itsthelittlethings",
                "from": {
                    "username": "baileysus",
                    "profile_picture": "http://images.ak.instagram.com/profiles/profile_242058556_75sq_1351892332.jpg",
                    "id": "242058556",
                    "full_name": "BaileysUS"
                },
                "id": "571863083903325191"
            },
            "user_has_liked": false,
            "id": "571863056296417172_242058556",
            "user": {
                "username": "baileysus",
                "website": "",
                "profile_picture": "http://images.ak.instagram.com/profiles/profile_242058556_75sq_1351892332.jpg",
                "full_name": "BaileysUS",
                "bio": "",
                "id": "242058556"
            }
        },
        {
            "attribution": null,
            "tags": [
                "stylishshot"
            ],
            "type": "image",
            "location": {
                "latitude": 40.740860006,
                "name": "Meatpacking District",
                "longitude": -74.005272398,
                "id": 197728
            },
            "comments": {
                "count": 0,
                "data": []
            },
            "filter": "X-Pro II",
            "created_time": "1382153179",
            "link": "http://instagram.com/p/fokNzFN5db/",
            "likes": {
                "count": 8,
                "data": [
                    {
                        "username": "karenlilley",
                        "profile_picture": "http://images.ak.instagram.com/profiles/profile_21276540_75sq_1378787477.jpg",
                        "id": "21276540",
                        "full_name": "Karen Harris"
                    },
                    {
                        "username": "ms_cazz",
                        "profile_picture": "http://images.ak.instagram.com/profiles/profile_263717427_75sq_1378668662.jpg",
                        "id": "263717427",
                        "full_name": "Fashion and Coctails....."
                    },
                    {
                        "username": "jessicaglitter1",
                        "profile_picture": "http://images.ak.instagram.com/profiles/profile_21277548_75sq_1345994573.jpg",
                        "id": "21277548",
                        "full_name": "jessicaglitter1"
                    },
                    {
                        "username": "bobbyjohnwalker",
                        "profile_picture": "http://images.ak.instagram.com/profiles/profile_33449214_75sq_1363571594.jpg",
                        "id": "33449214",
                        "full_name": "bobbyjohnwalker"
                    }
                ]
            },
            "images": {
                "low_resolution": {
                    "url": "http://distilleryimage11.s3.amazonaws.com/3864a712386e11e3939b22000a1f9251_6.jpg",
                    "width": 306,
                    "height": 306
                },
                "thumbnail": {
                    "url": "http://distilleryimage11.s3.amazonaws.com/3864a712386e11e3939b22000a1f9251_5.jpg",
                    "width": 150,
                    "height": 150
                },
                "standard_resolution": {
                    "url": "http://distilleryimage11.s3.amazonaws.com/3864a712386e11e3939b22000a1f9251_8.jpg",
                    "width": 640,
                    "height": 640
                }
            },
            "users_in_photo": [],
            "caption": {
                "created_time": "1382153204",
                "text": "Ladies out in full force for their #StylishShot!",
                "from": {
                    "username": "baileysus",
                    "profile_picture": "http://images.ak.instagram.com/profiles/profile_242058556_75sq_1351892332.jpg",
                    "id": "242058556",
                    "full_name": "BaileysUS"
                },
                "id": "569864837928556107"
            },
            "user_has_liked": false,
            "id": "569864630738327387_242058556",
            "user": {
                "username": "baileysus",
                "website": "",
                "profile_picture": "http://images.ak.instagram.com/profiles/profile_242058556_75sq_1351892332.jpg",
                "full_name": "BaileysUS",
                "bio": "",
                "id": "242058556"
            }
        },
        {
            "attribution": null,
            "tags": [
                "puckerup",
                "stylishshot"
            ],
            "type": "image",
            "location": {
                "latitude": 40.740860006,
                "name": "Meatpacking District",
                "longitude": -74.005272398,
                "id": 197728
            },
            "comments": {
                "count": 0,
                "data": []
            },
            "filter": "Amaro",
            "created_time": "1382148908",
            "link": "http://instagram.com/p/focEZNN5QI/",
            "likes": {
                "count": 9,
                "data": [
                    {
                        "username": "melissa_mdot714",
                        "profile_picture": "http://images.ak.instagram.com/profiles/profile_13347337_75sq_1370789923.jpg",
                        "id": "13347337",
                        "full_name": "👑M.I.M.🍭🍬"
                    },
                    {
                        "username": "yummy411",
                        "profile_picture": "http://images.ak.instagram.com/profiles/profile_30940116_75sq_1359184005.jpg",
                        "id": "30940116",
                        "full_name": "K D"
                    },
                    {
                        "username": "did_i_stammer",
                        "profile_picture": "http://images.ak.instagram.com/profiles/profile_4388750_75sq_1369462306.jpg",
                        "id": "4388750",
                        "full_name": "Melissa Stammer"
                    },
                    {
                        "username": "mhaytar",
                        "profile_picture": "http://images.ak.instagram.com/profiles/profile_484165382_75sq_1379607686.jpg",
                        "id": "484165382",
                        "full_name": "Hamit"
                    }
                ]
            },
            "images": {
                "low_resolution": {
                    "url": "http://distilleryimage4.s3.amazonaws.com/46774404386411e3852a22000a9e0709_6.jpg",
                    "width": 306,
                    "height": 306
                },
                "thumbnail": {
                    "url": "http://distilleryimage4.s3.amazonaws.com/46774404386411e3852a22000a9e0709_5.jpg",
                    "width": 150,
                    "height": 150
                },
                "standard_resolution": {
                    "url": "http://distilleryimage4.s3.amazonaws.com/46774404386411e3852a22000a9e0709_8.jpg",
                    "width": 640,
                    "height": 640
                }
            },
            "users_in_photo": [],
            "caption": {
                "created_time": "1382148953",
                "text": "A little photo booth prop fun! #StylishShot #puckerup",
                "from": {
                    "username": "baileysus",
                    "profile_picture": "http://images.ak.instagram.com/profiles/profile_242058556_75sq_1351892332.jpg",
                    "id": "242058556",
                    "full_name": "BaileysUS"
                },
                "id": "569829183509206824"
            },
            "user_has_liked": false,
            "id": "569828800107877384_242058556",
            "user": {
                "username": "baileysus",
                "website": "",
                "profile_picture": "http://images.ak.instagram.com/profiles/profile_242058556_75sq_1351892332.jpg",
                "full_name": "BaileysUS",
                "bio": "",
                "id": "242058556"
            }
        },
        {
            "attribution": null,
            "tags": [
                "stylishshot"
            ],
            "type": "image",
            "location": {
                "latitude": 40.740860006,
                "name": "Meatpacking District",
                "longitude": -74.005272398,
                "id": 197728
            },
            "comments": {
                "count": 0,
                "data": []
            },
            "filter": "Rise",
            "created_time": "1382147175",
            "link": "http://instagram.com/p/foYw1yt5aK/",
            "likes": {
                "count": 5,
                "data": [
                    {
                        "username": "missbpalm",
                        "profile_picture": "http://images.ak.instagram.com/profiles/profile_44212208_75sq_1334962176.jpg",
                        "id": "44212208",
                        "full_name": "beth palmer"
                    },
                    {
                        "username": "deityamerica",
                        "profile_picture": "http://images.ak.instagram.com/profiles/profile_598005258_75sq_1381261343.jpg",
                        "id": "598005258",
                        "full_name": "Deity America Instagram"
                    },
                    {
                        "username": "sashyayamp",
                        "profile_picture": "http://images.ak.instagram.com/profiles/profile_24499238_75sq_1377823749.jpg",
                        "id": "24499238",
                        "full_name": "Mayra"
                    },
                    {
                        "username": "did_i_stammer",
                        "profile_picture": "http://images.ak.instagram.com/profiles/profile_4388750_75sq_1369462306.jpg",
                        "id": "4388750",
                        "full_name": "Melissa Stammer"
                    }
                ]
            },
            "images": {
                "low_resolution": {
                    "url": "http://distilleryimage6.s3.amazonaws.com/3d7dd646386011e3a23822000a1fa504_6.jpg",
                    "width": 306,
                    "height": 306
                },
                "thumbnail": {
                    "url": "http://distilleryimage6.s3.amazonaws.com/3d7dd646386011e3a23822000a1fa504_5.jpg",
                    "width": 150,
                    "height": 150
                },
                "standard_resolution": {
                    "url": "http://distilleryimage6.s3.amazonaws.com/3d7dd646386011e3a23822000a1fa504_8.jpg",
                    "width": 640,
                    "height": 640
                }
            },
            "users_in_photo": [],
            "caption": {
                "created_time": "1382147204",
                "text": "Lights, camera, glam! #StylishShot",
                "from": {
                    "username": "baileysus",
                    "profile_picture": "http://images.ak.instagram.com/profiles/profile_242058556_75sq_1351892332.jpg",
                    "id": "242058556",
                    "full_name": "BaileysUS"
                },
                "id": "569814507496903728"
            },
            "user_has_liked": false,
            "id": "569814262272726666_242058556",
            "user": {
                "username": "baileysus",
                "website": "",
                "profile_picture": "http://images.ak.instagram.com/profiles/profile_242058556_75sq_1351892332.jpg",
                "full_name": "BaileysUS",
                "bio": "",
                "id": "242058556"
            }
        },
        {
            "attribution": null,
            "tags": [
                "stylishshot"
            ],
            "type": "image",
            "location": {
                "latitude": 40.740860006,
                "name": "Meatpacking District",
                "longitude": -74.005272398,
                "id": 197728
            },
            "comments": {
                "count": 0,
                "data": []
            },
            "filter": "Hefe",
            "created_time": "1382145703",
            "link": "http://instagram.com/p/foV9P1N5Vt/",
            "likes": {
                "count": 8,
                "data": [
                    {
                        "username": "missbpalm",
                        "profile_picture": "http://images.ak.instagram.com/profiles/profile_44212208_75sq_1334962176.jpg",
                        "id": "44212208",
                        "full_name": "beth palmer"
                    },
                    {
                        "username": "jenithomas143",
                        "profile_picture": "http://images.ak.instagram.com/profiles/profile_40438124_75sq_1381516157.jpg",
                        "id": "40438124",
                        "full_name": "jenithomas143"
                    },
                    {
                        "username": "sashyayamp",
                        "profile_picture": "http://images.ak.instagram.com/profiles/profile_24499238_75sq_1377823749.jpg",
                        "id": "24499238",
                        "full_name": "Mayra"
                    },
                    {
                        "username": "jennymereby",
                        "profile_picture": "http://images.ak.instagram.com/profiles/profile_13667847_75sq_1374545759.jpg",
                        "id": "13667847",
                        "full_name": "Jennifer Mereby"
                    }
                ]
            },
            "images": {
                "low_resolution": {
                    "url": "http://distilleryimage9.s3.amazonaws.com/d092d304385c11e3ae2a22000a1f9723_6.jpg",
                    "width": 306,
                    "height": 306
                },
                "thumbnail": {
                    "url": "http://distilleryimage9.s3.amazonaws.com/d092d304385c11e3ae2a22000a1f9723_5.jpg",
                    "width": 150,
                    "height": 150
                },
                "standard_resolution": {
                    "url": "http://distilleryimage9.s3.amazonaws.com/d092d304385c11e3ae2a22000a1f9723_8.jpg",
                    "width": 640,
                    "height": 640
                }
            },
            "users_in_photo": [],
            "caption": {
                "created_time": "1382145706",
                "text": "There's plenty of glam to go around here! #StylishShot",
                "from": {
                    "username": "baileysus",
                    "profile_picture": "http://images.ak.instagram.com/profiles/profile_242058556_75sq_1351892332.jpg",
                    "id": "242058556",
                    "full_name": "BaileysUS"
                },
                "id": "569801945606755765"
            },
            "user_has_liked": false,
            "id": "569801920726144365_242058556",
            "user": {
                "username": "baileysus",
                "website": "",
                "profile_picture": "http://images.ak.instagram.com/profiles/profile_242058556_75sq_1351892332.jpg",
                "full_name": "BaileysUS",
                "bio": "",
                "id": "242058556"
            }
        },
        {
            "attribution": null,
            "tags": [
                "redcarpet",
                "celebritystatus",
                "stylishshot"
            ],
            "type": "image",
            "location": {
                "latitude": 40.740860006,
                "name": "Meatpacking District",
                "longitude": -74.005272398,
                "id": 197728
            },
            "comments": {
                "count": 0,
                "data": []
            },
            "filter": "Rise",
            "created_time": "1382144746",
            "link": "http://instagram.com/p/foUIagt5SX/",
            "likes": {
                "count": 6,
                "data": [
                    {
                        "username": "ms_cazz",
                        "profile_picture": "http://images.ak.instagram.com/profiles/profile_263717427_75sq_1378668662.jpg",
                        "id": "263717427",
                        "full_name": "Fashion and Coctails....."
                    },
                    {
                        "username": "karenlilley",
                        "profile_picture": "http://images.ak.instagram.com/profiles/profile_21276540_75sq_1378787477.jpg",
                        "id": "21276540",
                        "full_name": "Karen Harris"
                    },
                    {
                        "username": "sashyayamp",
                        "profile_picture": "http://images.ak.instagram.com/profiles/profile_24499238_75sq_1377823749.jpg",
                        "id": "24499238",
                        "full_name": "Mayra"
                    },
                    {
                        "username": "sgmrvip",
                        "profile_picture": "http://images.ak.instagram.com/profiles/profile_455301950_75sq_1382113370.jpg",
                        "id": "455301950",
                        "full_name": "Shawn G MrVip"
                    }
                ]
            },
            "images": {
                "low_resolution": {
                    "url": "http://distilleryimage3.s3.amazonaws.com/9619efc0385a11e3a12d22000a1fa52e_6.jpg",
                    "width": 306,
                    "height": 306
                },
                "thumbnail": {
                    "url": "http://distilleryimage3.s3.amazonaws.com/9619efc0385a11e3a12d22000a1fa52e_5.jpg",
                    "width": 150,
                    "height": 150
                },
                "standard_resolution": {
                    "url": "http://distilleryimage3.s3.amazonaws.com/9619efc0385a11e3a12d22000a1fa52e_8.jpg",
                    "width": 640,
                    "height": 640
                }
            },
            "users_in_photo": [],
            "caption": {
                "created_time": "1382144749",
                "text": "The #redcarpet is rolled out for the #StylishShot photo booths! #celebritystatus",
                "from": {
                    "username": "baileysus",
                    "profile_picture": "http://images.ak.instagram.com/profiles/profile_242058556_75sq_1351892332.jpg",
                    "id": "242058556",
                    "full_name": "BaileysUS"
                },
                "id": "569793912902227002"
            },
            "user_has_liked": false,
            "id": "569793892014593175_242058556",
            "user": {
                "username": "baileysus",
                "website": "",
                "profile_picture": "http://images.ak.instagram.com/profiles/profile_242058556_75sq_1351892332.jpg",
                "full_name": "BaileysUS",
                "bio": "",
                "id": "242058556"
            }
        },
        {
            "attribution": null,
            "tags": [
                "stylishshot",
                "fridaynight"
            ],
            "type": "image",
            "location": {
                "latitude": 40.740860006,
                "name": "Meatpacking District",
                "longitude": -74.005272398,
                "id": 197728
            },
            "comments": {
                "count": 0,
                "data": []
            },
            "filter": "Rise",
            "created_time": "1382143552",
            "link": "http://instagram.com/p/foR2nZN5en/",
            "likes": {
                "count": 5,
                "data": [
                    {
                        "username": "troparrogant",
                        "profile_picture": "http://images.ak.instagram.com/profiles/profile_20228280_75sq_1382061411.jpg",
                        "id": "20228280",
                        "full_name": "Ms Nanfang"
                    },
                    {
                        "username": "ms_cazz",
                        "profile_picture": "http://images.ak.instagram.com/profiles/profile_263717427_75sq_1378668662.jpg",
                        "id": "263717427",
                        "full_name": "Fashion and Coctails....."
                    },
                    {
                        "username": "jessicaglitter1",
                        "profile_picture": "http://images.ak.instagram.com/profiles/profile_21277548_75sq_1345994573.jpg",
                        "id": "21277548",
                        "full_name": "jessicaglitter1"
                    },
                    {
                        "username": "sashyayamp",
                        "profile_picture": "http://images.ak.instagram.com/profiles/profile_24499238_75sq_1377823749.jpg",
                        "id": "24499238",
                        "full_name": "Mayra"
                    }
                ]
            },
            "images": {
                "low_resolution": {
                    "url": "http://distilleryimage3.s3.amazonaws.com/ce310eb4385711e3934e22000aa800af_6.jpg",
                    "width": 306,
                    "height": 306
                },
                "thumbnail": {
                    "url": "http://distilleryimage3.s3.amazonaws.com/ce310eb4385711e3934e22000aa800af_5.jpg",
                    "width": 150,
                    "height": 150
                },
                "standard_resolution": {
                    "url": "http://distilleryimage3.s3.amazonaws.com/ce310eb4385711e3934e22000aa800af_8.jpg",
                    "width": 640,
                    "height": 640
                }
            },
            "users_in_photo": [],
            "caption": {
                "created_time": "1382143654",
                "text": "The lights are shining bright tonight at #StylishShot on the Go makeup booths! #fridaynight",
                "from": {
                    "username": "baileysus",
                    "profile_picture": "http://images.ak.instagram.com/profiles/profile_242058556_75sq_1351892332.jpg",
                    "id": "242058556",
                    "full_name": "BaileysUS"
                },
                "id": "569784726923482660"
            },
            "user_has_liked": false,
            "id": "569783872803805095_242058556",
            "user": {
                "username": "baileysus",
                "website": "",
                "profile_picture": "http://images.ak.instagram.com/profiles/profile_242058556_75sq_1351892332.jpg",
                "full_name": "BaileysUS",
                "bio": "",
                "id": "242058556"
            }
        },
        {
            "attribution": null,
            "tags": [
                "stylishshot",
                "photobooth"
            ],
            "type": "image",
            "location": null,
            "comments": {
                "count": 0,
                "data": []
            },
            "filter": "Mayfair",
            "created_time": "1382136566",
            "link": "http://instagram.com/p/foEhz2t5Yc/",
            "likes": {
                "count": 7,
                "data": [
                    {
                        "username": "ssjacoby",
                        "profile_picture": "http://images.ak.instagram.com/profiles/profile_17712243_75sq_1325380001.jpg",
                        "id": "17712243",
                        "full_name": "ssjacoby"
                    },
                    {
                        "username": "karenlilley",
                        "profile_picture": "http://images.ak.instagram.com/profiles/profile_21276540_75sq_1378787477.jpg",
                        "id": "21276540",
                        "full_name": "Karen Harris"
                    },
                    {
                        "username": "sashyayamp",
                        "profile_picture": "http://images.ak.instagram.com/profiles/profile_24499238_75sq_1377823749.jpg",
                        "id": "24499238",
                        "full_name": "Mayra"
                    },
                    {
                        "username": "boozemenus",
                        "profile_picture": "http://images.ak.instagram.com/profiles/profile_242046086_75sq_1351117041.jpg",
                        "id": "242046086",
                        "full_name": "BoozeMenus"
                    }
                ]
            },
            "images": {
                "low_resolution": {
                    "url": "http://distilleryimage4.s3.amazonaws.com/8a1a6da2384711e3803822000ae90265_6.jpg",
                    "width": 306,
                    "height": 306
                },
                "thumbnail": {
                    "url": "http://distilleryimage4.s3.amazonaws.com/8a1a6da2384711e3803822000ae90265_5.jpg",
                    "width": 150,
                    "height": 150
                },
                "standard_resolution": {
                    "url": "http://distilleryimage4.s3.amazonaws.com/8a1a6da2384711e3803822000ae90265_8.jpg",
                    "width": 640,
                    "height": 640
                }
            },
            "users_in_photo": [],
            "caption": {
                "created_time": "1382136571",
                "text": "Time for a round of #StylishShot photos! We'll be at the corner of 14th St. & 9th Ave in NYC starting at 8PM, so come #photobooth ready!",
                "from": {
                    "username": "baileysus",
                    "profile_picture": "http://images.ak.instagram.com/profiles/profile_242058556_75sq_1351892332.jpg",
                    "id": "242058556",
                    "full_name": "BaileysUS"
                },
                "id": "569725312845714968"
            },
            "user_has_liked": false,
            "id": "569725268469978652_242058556",
            "user": {
                "username": "baileysus",
                "website": "",
                "profile_picture": "http://images.ak.instagram.com/profiles/profile_242058556_75sq_1351892332.jpg",
                "full_name": "BaileysUS",
                "bio": "",
                "id": "242058556"
            }
        },
        {
            "attribution": null,
            "tags": [
                "bvc"
            ],
            "type": "image",
            "location": null,
            "comments": {
                "count": 0,
                "data": []
            },
            "filter": "Earlybird",
            "created_time": "1382048947",
            "link": "http://instagram.com/p/fldaMyt5VK/",
            "likes": {
                "count": 12,
                "data": [
                    {
                        "username": "bobbyjohnwalker",
                        "profile_picture": "http://images.ak.instagram.com/profiles/profile_33449214_75sq_1363571594.jpg",
                        "id": "33449214",
                        "full_name": "bobbyjohnwalker"
                    },
                    {
                        "username": "sashyayamp",
                        "profile_picture": "http://images.ak.instagram.com/profiles/profile_24499238_75sq_1377823749.jpg",
                        "id": "24499238",
                        "full_name": "Mayra"
                    },
                    {
                        "username": "spoiledangel_lola",
                        "profile_picture": "http://images.ak.instagram.com/profiles/profile_40035342_75sq_1381722884.jpg",
                        "id": "40035342",
                        "full_name": "spoiledangel_lola"
                    },
                    {
                        "username": "nassima_ycf95",
                        "profile_picture": "http://images.ak.instagram.com/profiles/profile_258248861_75sq_1378042034.jpg",
                        "id": "258248861",
                        "full_name": "Nassima Yacef"
                    }
                ]
            },
            "images": {
                "low_resolution": {
                    "url": "http://distilleryimage6.s3.amazonaws.com/896f7fea377b11e3b2c822000ae800bd_6.jpg",
                    "width": 306,
                    "height": 306
                },
                "thumbnail": {
                    "url": "http://distilleryimage6.s3.amazonaws.com/896f7fea377b11e3b2c822000ae800bd_5.jpg",
                    "width": 150,
                    "height": 150
                },
                "standard_resolution": {
                    "url": "http://distilleryimage6.s3.amazonaws.com/896f7fea377b11e3b2c822000ae800bd_8.jpg",
                    "width": 640,
                    "height": 640
                }
            },
            "users_in_photo": [],
            "caption": {
                "created_time": "1382048958",
                "text": "#BVC times three. Which two fabulous girls would we find by your side at the party?",
                "from": {
                    "username": "baileysus",
                    "profile_picture": "http://images.ak.instagram.com/profiles/profile_242058556_75sq_1351892332.jpg",
                    "id": "242058556",
                    "full_name": "BaileysUS"
                },
                "id": "568990365415610213"
            },
            "user_has_liked": false,
            "id": "568990271723246922_242058556",
            "user": {
                "username": "baileysus",
                "website": "",
                "profile_picture": "http://images.ak.instagram.com/profiles/profile_242058556_75sq_1351892332.jpg",
                "full_name": "BaileysUS",
                "bio": "",
                "id": "242058556"
            }
        },
        {
            "attribution": null,
            "tags": [
                "bvc"
            ],
            "type": "image",
            "location": null,
            "comments": {
                "count": 0,
                "data": []
            },
            "filter": "Valencia",
            "created_time": "1381875048",
            "link": "http://instagram.com/p/fgRuOKt5XL/",
            "likes": {
                "count": 13,
                "data": [
                    {
                        "username": "jenithomas143",
                        "profile_picture": "http://images.ak.instagram.com/profiles/profile_40438124_75sq_1381516157.jpg",
                        "id": "40438124",
                        "full_name": "jenithomas143"
                    },
                    {
                        "username": "jessicaglitter1",
                        "profile_picture": "http://images.ak.instagram.com/profiles/profile_21277548_75sq_1345994573.jpg",
                        "id": "21277548",
                        "full_name": "jessicaglitter1"
                    },
                    {
                        "username": "kristypm35",
                        "profile_picture": "http://images.ak.instagram.com/profiles/profile_54286381_75sq_1340719822.jpg",
                        "id": "54286381",
                        "full_name": "kristy pettey-martin"
                    },
                    {
                        "username": "sashyayamp",
                        "profile_picture": "http://images.ak.instagram.com/profiles/profile_24499238_75sq_1377823749.jpg",
                        "id": "24499238",
                        "full_name": "Mayra"
                    }
                ]
            },
            "images": {
                "low_resolution": {
                    "url": "http://distilleryimage7.s3.amazonaws.com/a533bc5a35e611e3b04622000a1f9be0_6.jpg",
                    "width": 306,
                    "height": 306
                },
                "thumbnail": {
                    "url": "http://distilleryimage7.s3.amazonaws.com/a533bc5a35e611e3b04622000a1f9be0_5.jpg",
                    "width": 150,
                    "height": 150
                },
                "standard_resolution": {
                    "url": "http://distilleryimage7.s3.amazonaws.com/a533bc5a35e611e3b04622000a1f9be0_8.jpg",
                    "width": 640,
                    "height": 640
                }
            },
            "users_in_photo": [],
            "caption": {
                "created_time": "1381875049",
                "text": "Spotted: #BVC behind the bar.",
                "from": {
                    "username": "baileysus",
                    "profile_picture": "http://images.ak.instagram.com/profiles/profile_242058556_75sq_1351892332.jpg",
                    "id": "242058556",
                    "full_name": "BaileysUS"
                },
                "id": "567531510433289881"
            },
            "user_has_liked": false,
            "id": "567531496147490251_242058556",
            "user": {
                "username": "baileysus",
                "website": "",
                "profile_picture": "http://images.ak.instagram.com/profiles/profile_242058556_75sq_1351892332.jpg",
                "full_name": "BaileysUS",
                "bio": "",
                "id": "242058556"
            }
        },
        {
            "attribution": null,
            "tags": [
                "bff"
            ],
            "type": "image",
            "location": null,
            "comments": {
                "count": 0,
                "data": []
            },
            "filter": "Valencia",
            "created_time": "1381787987",
            "link": "http://instagram.com/p/fdrqrRt5bE/",
            "likes": {
                "count": 13,
                "data": [
                    {
                        "username": "its_kelly_anne",
                        "profile_picture": "http://images.ak.instagram.com/profiles/profile_365899778_75sq_1367366285.jpg",
                        "id": "365899778",
                        "full_name": "Kelly 💜"
                    },
                    {
                        "username": "ms_cazz",
                        "profile_picture": "http://images.ak.instagram.com/profiles/profile_263717427_75sq_1378668662.jpg",
                        "id": "263717427",
                        "full_name": "Fashion and Coctails....."
                    },
                    {
                        "username": "kristypm35",
                        "profile_picture": "http://images.ak.instagram.com/profiles/profile_54286381_75sq_1340719822.jpg",
                        "id": "54286381",
                        "full_name": "kristy pettey-martin"
                    },
                    {
                        "username": "baryder",
                        "profile_picture": "http://images.ak.instagram.com/profiles/profile_45430854_75sq_1375919774.jpg",
                        "id": "45430854",
                        "full_name": "Brooke Ryder"
                    }
                ]
            },
            "images": {
                "low_resolution": {
                    "url": "http://distilleryimage8.s3.amazonaws.com/f0e4c96c351b11e3a47922000ae90d5b_6.jpg",
                    "width": 306,
                    "height": 306
                },
                "thumbnail": {
                    "url": "http://distilleryimage8.s3.amazonaws.com/f0e4c96c351b11e3a47922000ae90d5b_5.jpg",
                    "width": 150,
                    "height": 150
                },
                "standard_resolution": {
                    "url": "http://distilleryimage8.s3.amazonaws.com/f0e4c96c351b11e3a47922000ae90d5b_8.jpg",
                    "width": 640,
                    "height": 640
                }
            },
            "users_in_photo": [],
            "caption": {
                "created_time": "1381787988",
                "text": "How do you enjoy quality girl time with your #BFF?",
                "from": {
                    "username": "baileysus",
                    "profile_picture": "http://images.ak.instagram.com/profiles/profile_242058556_75sq_1351892332.jpg",
                    "id": "242058556",
                    "full_name": "BaileysUS"
                },
                "id": "566801191434425669"
            },
            "user_has_liked": false,
            "id": "566801176804693700_242058556",
            "user": {
                "username": "baileysus",
                "website": "",
                "profile_picture": "http://images.ak.instagram.com/profiles/profile_242058556_75sq_1351892332.jpg",
                "full_name": "BaileysUS",
                "bio": "",
                "id": "242058556"
            }
        },
        {
            "attribution": null,
            "tags": [
                "bvc"
            ],
            "type": "image",
            "location": null,
            "comments": {
                "count": 0,
                "data": []
            },
            "filter": "Hudson",
            "created_time": "1381703169",
            "link": "http://instagram.com/p/fbJ47bN5QH/",
            "likes": {
                "count": 12,
                "data": [
                    {
                        "username": "sashyayamp",
                        "profile_picture": "http://images.ak.instagram.com/profiles/profile_24499238_75sq_1377823749.jpg",
                        "id": "24499238",
                        "full_name": "Mayra"
                    },
                    {
                        "username": "jessicaglitter1",
                        "profile_picture": "http://images.ak.instagram.com/profiles/profile_21277548_75sq_1345994573.jpg",
                        "id": "21277548",
                        "full_name": "jessicaglitter1"
                    },
                    {
                        "username": "spoiledangel_lola",
                        "profile_picture": "http://images.ak.instagram.com/profiles/profile_40035342_75sq_1381722884.jpg",
                        "id": "40035342",
                        "full_name": "spoiledangel_lola"
                    },
                    {
                        "username": "baryder",
                        "profile_picture": "http://images.ak.instagram.com/profiles/profile_45430854_75sq_1375919774.jpg",
                        "id": "45430854",
                        "full_name": "Brooke Ryder"
                    }
                ]
            },
            "images": {
                "low_resolution": {
                    "url": "http://distilleryimage11.s3.amazonaws.com/757d0f52345611e39f3922000aa80254_6.jpg",
                    "width": 306,
                    "height": 306
                },
                "thumbnail": {
                    "url": "http://distilleryimage11.s3.amazonaws.com/757d0f52345611e39f3922000aa80254_5.jpg",
                    "width": 150,
                    "height": 150
                },
                "standard_resolution": {
                    "url": "http://distilleryimage11.s3.amazonaws.com/757d0f52345611e39f3922000aa80254_8.jpg",
                    "width": 640,
                    "height": 640
                }
            },
            "users_in_photo": [],
            "caption": {
                "created_time": "1381703175",
                "text": "The accessory that matches any outfit. #BVC",
                "from": {
                    "username": "baileysus",
                    "profile_picture": "http://images.ak.instagram.com/profiles/profile_242058556_75sq_1351892332.jpg",
                    "id": "242058556",
                    "full_name": "BaileysUS"
                },
                "id": "566089728751278065"
            },
            "user_has_liked": false,
            "id": "566089672681821191_242058556",
            "user": {
                "username": "baileysus",
                "website": "",
                "profile_picture": "http://images.ak.instagram.com/profiles/profile_242058556_75sq_1351892332.jpg",
                "full_name": "BaileysUS",
                "bio": "",
                "id": "242058556"
            }
        },
        {
            "attribution": null,
            "tags": [
                "glamourshot"
            ],
            "type": "image",
            "location": null,
            "comments": {
                "count": 0,
                "data": []
            },
            "filter": "Hudson",
            "created_time": "1381531771",
            "link": "http://instagram.com/p/fWC-SSt5To/",
            "likes": {
                "count": 11,
                "data": [
                    {
                        "username": "lishaann_35",
                        "profile_picture": "http://images.ak.instagram.com/profiles/profile_496327953_75sq_1375749533.jpg",
                        "id": "496327953",
                        "full_name": "Kalisha Antoinette"
                    },
                    {
                        "username": "ms_cazz",
                        "profile_picture": "http://images.ak.instagram.com/profiles/profile_263717427_75sq_1378668662.jpg",
                        "id": "263717427",
                        "full_name": "Fashion and Coctails....."
                    },
                    {
                        "username": "jenithomas143",
                        "profile_picture": "http://images.ak.instagram.com/profiles/profile_40438124_75sq_1381516157.jpg",
                        "id": "40438124",
                        "full_name": "jenithomas143"
                    },
                    {
                        "username": "sashyayamp",
                        "profile_picture": "http://images.ak.instagram.com/profiles/profile_24499238_75sq_1377823749.jpg",
                        "id": "24499238",
                        "full_name": "Mayra"
                    }
                ]
            },
            "images": {
                "low_resolution": {
                    "url": "http://distilleryimage8.s3.amazonaws.com/6425499e32c711e38d2722000a1f8fa0_6.jpg",
                    "width": 306,
                    "height": 306
                },
                "thumbnail": {
                    "url": "http://distilleryimage8.s3.amazonaws.com/6425499e32c711e38d2722000a1f8fa0_5.jpg",
                    "width": 150,
                    "height": 150
                },
                "standard_resolution": {
                    "url": "http://distilleryimage8.s3.amazonaws.com/6425499e32c711e38d2722000a1f8fa0_8.jpg",
                    "width": 640,
                    "height": 640
                }
            },
            "users_in_photo": [],
            "caption": {
                "created_time": "1381531780",
                "text": "Treat your crew to a drink as glamorous as they are! Step 4: Pour everyone a #GlamourShot & toast to an amazing night before hitting the town.",
                "from": {
                    "username": "baileysus",
                    "profile_picture": "http://images.ak.instagram.com/profiles/profile_242058556_75sq_1351892332.jpg",
                    "id": "242058556",
                    "full_name": "BaileysUS"
                },
                "id": "564651959080425013"
            },
            "user_has_liked": false,
            "id": "564651879623529704_242058556",
            "user": {
                "username": "baileysus",
                "website": "",
                "profile_picture": "http://images.ak.instagram.com/profiles/profile_242058556_75sq_1351892332.jpg",
                "full_name": "BaileysUS",
                "bio": "",
                "id": "242058556"
            }
        },
        {
            "attribution": null,
            "tags": [],
            "type": "image",
            "location": null,
            "comments": {
                "count": 0,
                "data": []
            },
            "filter": "Earlybird",
            "created_time": "1381445707",
            "link": "http://instagram.com/p/fTe0fJN5Uj/",
            "likes": {
                "count": 8,
                "data": [
                    {
                        "username": "yummy411",
                        "profile_picture": "http://images.ak.instagram.com/profiles/profile_30940116_75sq_1359184005.jpg",
                        "id": "30940116",
                        "full_name": "K D"
                    },
                    {
                        "username": "jessicaglitter1",
                        "profile_picture": "http://images.ak.instagram.com/profiles/profile_21277548_75sq_1345994573.jpg",
                        "id": "21277548",
                        "full_name": "jessicaglitter1"
                    },
                    {
                        "username": "kristypm35",
                        "profile_picture": "http://images.ak.instagram.com/profiles/profile_54286381_75sq_1340719822.jpg",
                        "id": "54286381",
                        "full_name": "kristy pettey-martin"
                    },
                    {
                        "username": "sashyayamp",
                        "profile_picture": "http://images.ak.instagram.com/profiles/profile_24499238_75sq_1377823749.jpg",
                        "id": "24499238",
                        "full_name": "Mayra"
                    }
                ]
            },
            "images": {
                "low_resolution": {
                    "url": "http://distilleryimage3.s3.amazonaws.com/024d103a31ff11e3a74822000ab5b9ab_6.jpg",
                    "width": 306,
                    "height": 306
                },
                "thumbnail": {
                    "url": "http://distilleryimage3.s3.amazonaws.com/024d103a31ff11e3a74822000ab5b9ab_5.jpg",
                    "width": 150,
                    "height": 150
                },
                "standard_resolution": {
                    "url": "http://distilleryimage3.s3.amazonaws.com/024d103a31ff11e3a74822000ab5b9ab_8.jpg",
                    "width": 640,
                    "height": 640
                }
            },
            "users_in_photo": [],
            "caption": {
                "created_time": "1381445728",
                "text": "Getting glam is always better together, so kick off Step 3 with your crew! Have everyone over for a pre-party makeup session.",
                "from": {
                    "username": "baileysus",
                    "profile_picture": "http://images.ak.instagram.com/profiles/profile_242058556_75sq_1351892332.jpg",
                    "id": "242058556",
                    "full_name": "BaileysUS"
                },
                "id": "563930106762335327"
            },
            "user_has_liked": false,
            "id": "563929926600201507_242058556",
            "user": {
                "username": "baileysus",
                "website": "",
                "profile_picture": "http://images.ak.instagram.com/profiles/profile_242058556_75sq_1351892332.jpg",
                "full_name": "BaileysUS",
                "bio": "",
                "id": "242058556"
            }
        },
        {
            "attribution": null,
            "tags": [
                "bvc",
                "regram",
                "stylishshot"
            ],
            "type": "image",
            "location": {
                "latitude": 40.741082539,
                "name": "DreamDry",
                "longitude": -73.992457945,
                "id": 65603843
            },
            "comments": {
                "count": 1,
                "data": [
                    {
                        "created_time": "1381413140",
                        "text": "#regram cc @foodiebyglam",
                        "from": {
                            "username": "baileysus",
                            "profile_picture": "http://images.ak.instagram.com/profiles/profile_242058556_75sq_1351892332.jpg",
                            "id": "242058556",
                            "full_name": "BaileysUS"
                        },
                        "id": "563656734165931154"
                    }
                ]
            },
            "filter": "Valencia",
            "created_time": "1381363941",
            "link": "http://instagram.com/p/fRC3T8t5ej/",
            "likes": {
                "count": 8,
                "data": [
                    {
                        "username": "missbpalm",
                        "profile_picture": "http://images.ak.instagram.com/profiles/profile_44212208_75sq_1334962176.jpg",
                        "id": "44212208",
                        "full_name": "beth palmer"
                    },
                    {
                        "username": "kristypm35",
                        "profile_picture": "http://images.ak.instagram.com/profiles/profile_54286381_75sq_1340719822.jpg",
                        "id": "54286381",
                        "full_name": "kristy pettey-martin"
                    },
                    {
                        "username": "sashyayamp",
                        "profile_picture": "http://images.ak.instagram.com/profiles/profile_24499238_75sq_1377823749.jpg",
                        "id": "24499238",
                        "full_name": "Mayra"
                    },
                    {
                        "username": "mommiede",
                        "profile_picture": "http://images.ak.instagram.com/profiles/profile_215209533_75sq_1380065054.jpg",
                        "id": "215209533",
                        "full_name": "Elizabeth"
                    }
                ]
            },
            "images": {
                "low_resolution": {
                    "url": "http://distilleryimage3.s3.amazonaws.com/a217923a314011e3ae2d22000aeb2111_6.jpg",
                    "width": 306,
                    "height": 306
                },
                "thumbnail": {
                    "url": "http://distilleryimage3.s3.amazonaws.com/a217923a314011e3ae2d22000aeb2111_5.jpg",
                    "width": 150,
                    "height": 150
                },
                "standard_resolution": {
                    "url": "http://distilleryimage3.s3.amazonaws.com/a217923a314011e3ae2d22000aeb2111_8.jpg",
                    "width": 640,
                    "height": 640
                }
            },
            "users_in_photo": [],
            "caption": {
                "created_time": "1381364014",
                "text": "Having fun is always in style! Had such a great night! #stylishshot #bvc",
                "from": {
                    "username": "baileysus",
                    "profile_picture": "http://images.ak.instagram.com/profiles/profile_242058556_75sq_1351892332.jpg",
                    "id": "242058556",
                    "full_name": "BaileysUS"
                },
                "id": "563244639989503663"
            },
            "user_has_liked": false,
            "id": "563244025482024867_242058556",
            "user": {
                "username": "baileysus",
                "website": "",
                "profile_picture": "http://images.ak.instagram.com/profiles/profile_242058556_75sq_1351892332.jpg",
                "full_name": "BaileysUS",
                "bio": "",
                "id": "242058556"
            }
        },
        {
            "attribution": null,
            "tags": [
                "bvc",
                "stylishshot"
            ],
            "type": "image",
            "location": {
                "latitude": 40.741082539,
                "name": "DreamDry",
                "longitude": -73.992457945,
                "id": 65603843
            },
            "comments": {
                "count": 0,
                "data": []
            },
            "filter": "Nashville",
            "created_time": "1381361473",
            "link": "http://instagram.com/p/fQ-J90N5Wd/",
            "likes": {
                "count": 10,
                "data": [
                    {
                        "username": "bechicmag",
                        "profile_picture": "http://images.ak.instagram.com/profiles/profile_19731512_75sq_1381369344.jpg",
                        "id": "19731512",
                        "full_name": "Mercedes Sanchez"
                    },
                    {
                        "username": "marijo102",
                        "profile_picture": "http://images.ak.instagram.com/profiles/profile_286935761_75sq_1374116923.jpg",
                        "id": "286935761",
                        "full_name": "Marijó Corona."
                    },
                    {
                        "username": "kristypm35",
                        "profile_picture": "http://images.ak.instagram.com/profiles/profile_54286381_75sq_1340719822.jpg",
                        "id": "54286381",
                        "full_name": "kristy pettey-martin"
                    },
                    {
                        "username": "sashyayamp",
                        "profile_picture": "http://images.ak.instagram.com/profiles/profile_24499238_75sq_1377823749.jpg",
                        "id": "24499238",
                        "full_name": "Mayra"
                    }
                ]
            },
            "images": {
                "low_resolution": {
                    "url": "http://distilleryimage1.s3.amazonaws.com/e2ad11f4313a11e39ee022000aa80163_6.jpg",
                    "width": 306,
                    "height": 306
                },
                "thumbnail": {
                    "url": "http://distilleryimage1.s3.amazonaws.com/e2ad11f4313a11e39ee022000aa80163_5.jpg",
                    "width": 150,
                    "height": 150
                },
                "standard_resolution": {
                    "url": "http://distilleryimage1.s3.amazonaws.com/e2ad11f4313a11e39ee022000aa80163_8.jpg",
                    "width": 640,
                    "height": 640
                }
            },
            "users_in_photo": [],
            "caption": {
                "created_time": "1381361957",
                "text": "Best dressed? We think so! #bvc #stylishshot",
                "from": {
                    "username": "baileysus",
                    "profile_picture": "http://images.ak.instagram.com/profiles/profile_242058556_75sq_1351892332.jpg",
                    "id": "242058556",
                    "full_name": "BaileysUS"
                },
                "id": "563227380747310754"
            },
            "user_has_liked": false,
            "id": "563223317154600349_242058556",
            "user": {
                "username": "baileysus",
                "website": "",
                "profile_picture": "http://images.ak.instagram.com/profiles/profile_242058556_75sq_1351892332.jpg",
                "full_name": "BaileysUS",
                "bio": "",
                "id": "242058556"
            }
        },
        {
            "attribution": null,
            "tags": [
                "bvc",
                "glamourshot"
            ],
            "type": "image",
            "location": {
                "latitude": 40.741082539,
                "name": "DreamDry",
                "longitude": -73.992457945,
                "id": 65603843
            },
            "comments": {
                "count": 3,
                "data": [
                    {
                        "created_time": "1381379292",
                        "text": "Oh hey @valisatglam @stylenbeautydoc!",
                        "from": {
                            "username": "prettyconnected",
                            "profile_picture": "http://images.ak.instagram.com/profiles/profile_8278341_75sq_1364099715.jpg",
                            "id": "8278341",
                            "full_name": "Lara Eurdolian"
                        },
                        "id": "563372800303666424"
                    },
                    {
                        "created_time": "1381379613",
                        "text": "@prettyconnected @valisatglam. 😘😘",
                        "from": {
                            "username": "stylenbeautydoc",
                            "profile_picture": "http://images.ak.instagram.com/profiles/profile_7309669_75sq_1370222200.jpg",
                            "id": "7309669",
                            "full_name": "Danielle Gray"
                        },
                        "id": "563375491369112908"
                    },
                    {
                        "created_time": "1381379858",
                        "text": "@stylenbeautydoc @prettyconnected ❤️❤️❤️",
                        "from": {
                            "username": "valisatglam",
                            "profile_picture": "http://images.ak.instagram.com/profiles/profile_29587691_75sq_1356132585.jpg",
                            "id": "29587691",
                            "full_name": "valisatglam"
                        },
                        "id": "563377546729067933"
                    }
                ]
            },
            "filter": "X-Pro II",
            "created_time": "1381360910",
            "link": "http://instagram.com/p/fQ9FPzN5Um/",
            "likes": {
                "count": 6,
                "data": [
                    {
                        "username": "daisyg15",
                        "profile_picture": "http://images.ak.instagram.com/profiles/profile_25667834_75sq_1379173489.jpg",
                        "id": "25667834",
                        "full_name": "Daisy Guerrero"
                    },
                    {
                        "username": "mommiede",
                        "profile_picture": "http://images.ak.instagram.com/profiles/profile_215209533_75sq_1380065054.jpg",
                        "id": "215209533",
                        "full_name": "Elizabeth"
                    },
                    {
                        "username": "sashyayamp",
                        "profile_picture": "http://images.ak.instagram.com/profiles/profile_24499238_75sq_1377823749.jpg",
                        "id": "24499238",
                        "full_name": "Mayra"
                    },
                    {
                        "username": "prettyconnected",
                        "profile_picture": "http://images.ak.instagram.com/profiles/profile_8278341_75sq_1364099715.jpg",
                        "id": "8278341",
                        "full_name": "Lara Eurdolian"
                    }
                ]
            },
            "images": {
                "low_resolution": {
                    "url": "http://distilleryimage10.s3.amazonaws.com/932260cc313911e3800322000a1fb420_6.jpg",
                    "width": 306,
                    "height": 306
                },
                "thumbnail": {
                    "url": "http://distilleryimage10.s3.amazonaws.com/932260cc313911e3800322000a1fb420_5.jpg",
                    "width": 150,
                    "height": 150
                },
                "standard_resolution": {
                    "url": "http://distilleryimage10.s3.amazonaws.com/932260cc313911e3800322000a1fb420_8.jpg",
                    "width": 640,
                    "height": 640
                }
            },
            "users_in_photo": [],
            "caption": {
                "created_time": "1381360953",
                "text": "Ready for their close-up! @prettyconnected @stylenbeautydoc #glamourshot #bvc",
                "from": {
                    "username": "baileysus",
                    "profile_picture": "http://images.ak.instagram.com/profiles/profile_242058556_75sq_1351892332.jpg",
                    "id": "242058556",
                    "full_name": "BaileysUS"
                },
                "id": "563218957410473103"
            },
            "user_has_liked": false,
            "id": "563218594821281062_242058556",
            "user": {
                "username": "baileysus",
                "website": "",
                "profile_picture": "http://images.ak.instagram.com/profiles/profile_242058556_75sq_1351892332.jpg",
                "full_name": "BaileysUS",
                "bio": "",
                "id": "242058556"
            }
        },
        {
            "attribution": null,
            "tags": [
                "bvc"
            ],
            "type": "image",
            "location": {
                "latitude": 40.741082539,
                "name": "DreamDry",
                "longitude": -73.992457945,
                "id": 65603843
            },
            "comments": {
                "count": 0,
                "data": []
            },
            "filter": "Lo-fi",
            "created_time": "1381360248",
            "link": "http://instagram.com/p/fQ70cZN5S6/",
            "likes": {
                "count": 9,
                "data": [
                    {
                        "username": "___mywildworld",
                        "profile_picture": "http://images.ak.instagram.com/profiles/profile_338004792_75sq_1381628096.jpg",
                        "id": "338004792",
                        "full_name": "rachel.R   🐈"
                    },
                    {
                        "username": "daisyg15",
                        "profile_picture": "http://images.ak.instagram.com/profiles/profile_25667834_75sq_1379173489.jpg",
                        "id": "25667834",
                        "full_name": "Daisy Guerrero"
                    },
                    {
                        "username": "jenithomas143",
                        "profile_picture": "http://images.ak.instagram.com/profiles/profile_40438124_75sq_1381516157.jpg",
                        "id": "40438124",
                        "full_name": "jenithomas143"
                    },
                    {
                        "username": "sashyayamp",
                        "profile_picture": "http://images.ak.instagram.com/profiles/profile_24499238_75sq_1377823749.jpg",
                        "id": "24499238",
                        "full_name": "Mayra"
                    }
                ]
            },
            "images": {
                "low_resolution": {
                    "url": "http://distilleryimage6.s3.amazonaws.com/089777ea313811e3bf4822000aeb0cde_6.jpg",
                    "width": 306,
                    "height": 306
                },
                "thumbnail": {
                    "url": "http://distilleryimage6.s3.amazonaws.com/089777ea313811e3bf4822000aeb0cde_5.jpg",
                    "width": 150,
                    "height": 150
                },
                "standard_resolution": {
                    "url": "http://distilleryimage6.s3.amazonaws.com/089777ea313811e3bf4822000aeb0cde_8.jpg",
                    "width": 640,
                    "height": 640
                }
            },
            "users_in_photo": [],
            "caption": {
                "created_time": "1381360330",
                "text": "The Sweet & Vicious making an appearance #bvc",
                "from": {
                    "username": "baileysus",
                    "profile_picture": "http://images.ak.instagram.com/profiles/profile_242058556_75sq_1351892332.jpg",
                    "id": "242058556",
                    "full_name": "BaileysUS"
                },
                "id": "563213735711709038"
            },
            "user_has_liked": false,
            "id": "563213042066101434_242058556",
            "user": {
                "username": "baileysus",
                "website": "",
                "profile_picture": "http://images.ak.instagram.com/profiles/profile_242058556_75sq_1351892332.jpg",
                "full_name": "BaileysUS",
                "bio": "",
                "id": "242058556"
            }
        },
        {
            "attribution": null,
            "tags": [
                "regram",
                "bvc",
                "stylishshot"
            ],
            "type": "image",
            "location": {
                "latitude": 40.741082539,
                "name": "DreamDry",
                "longitude": -73.992457945,
                "id": 65603843
            },
            "comments": {
                "count": 0,
                "data": []
            },
            "filter": "X-Pro II",
            "created_time": "1381360065",
            "link": "http://instagram.com/p/fQ7eLMN5SW/",
            "likes": {
                "count": 3,
                "data": [
                    {
                        "username": "bschoolblonde",
                        "profile_picture": "http://images.ak.instagram.com/profiles/profile_30648811_75sq_1372993629.jpg",
                        "id": "30648811",
                        "full_name": "bschoolblonde"
                    },
                    {
                        "username": "sashyayamp",
                        "profile_picture": "http://images.ak.instagram.com/profiles/profile_24499238_75sq_1377823749.jpg",
                        "id": "24499238",
                        "full_name": "Mayra"
                    },
                    {
                        "username": "theoveranalyst",
                        "profile_picture": "http://images.ak.instagram.com/profiles/profile_14733750_75sq_1378249301.jpg",
                        "id": "14733750",
                        "full_name": "Jenna Burke"
                    }
                ]
            },
            "images": {
                "low_resolution": {
                    "url": "http://distilleryimage2.s3.amazonaws.com/9bda519a313711e39caa22000a1f96f6_6.jpg",
                    "width": 306,
                    "height": 306
                },
                "thumbnail": {
                    "url": "http://distilleryimage2.s3.amazonaws.com/9bda519a313711e39caa22000a1f96f6_5.jpg",
                    "width": 150,
                    "height": 150
                },
                "standard_resolution": {
                    "url": "http://distilleryimage2.s3.amazonaws.com/9bda519a313711e39caa22000a1f96f6_8.jpg",
                    "width": 640,
                    "height": 640
                }
            },
            "users_in_photo": [],
            "caption": {
                "created_time": "1381360095",
                "text": "Looking glam @theoveranalyst! #regram #stylishshot #bvc",
                "from": {
                    "username": "baileysus",
                    "profile_picture": "http://images.ak.instagram.com/profiles/profile_242058556_75sq_1351892332.jpg",
                    "id": "242058556",
                    "full_name": "BaileysUS"
                },
                "id": "563211760446183183"
            },
            "user_has_liked": false,
            "id": "563211511765898390_242058556",
            "user": {
                "username": "baileysus",
                "website": "",
                "profile_picture": "http://images.ak.instagram.com/profiles/profile_242058556_75sq_1351892332.jpg",
                "full_name": "BaileysUS",
                "bio": "",
                "id": "242058556"
            }
        },
        {
            "attribution": null,
            "tags": [
                "bvc",
                "stylishshot"
            ],
            "type": "image",
            "location": {
                "latitude": 40.741082539,
                "name": "DreamDry",
                "longitude": -73.992457945,
                "id": 65603843
            },
            "comments": {
                "count": 0,
                "data": []
            },
            "filter": "X-Pro II",
            "created_time": "1381359810",
            "link": "http://instagram.com/p/fQ6_Ajt5Rp/",
            "likes": {
                "count": 4,
                "data": [
                    {
                        "username": "smokinnheaux",
                        "profile_picture": "http://images.ak.instagram.com/profiles/profile_287614858_75sq_1382323224.jpg",
                        "id": "287614858",
                        "full_name": "kaitlyn"
                    },
                    {
                        "username": "daisyg15",
                        "profile_picture": "http://images.ak.instagram.com/profiles/profile_25667834_75sq_1379173489.jpg",
                        "id": "25667834",
                        "full_name": "Daisy Guerrero"
                    },
                    {
                        "username": "sashyayamp",
                        "profile_picture": "http://images.ak.instagram.com/profiles/profile_24499238_75sq_1377823749.jpg",
                        "id": "24499238",
                        "full_name": "Mayra"
                    },
                    {
                        "username": "candyjisele",
                        "profile_picture": "http://images.ak.instagram.com/profiles/profile_363917754_75sq_1378705970.jpg",
                        "id": "363917754",
                        "full_name": "Candy Jisele"
                    }
                ]
            },
            "images": {
                "low_resolution": {
                    "url": "http://distilleryimage9.s3.amazonaws.com/03af0ffa313711e3bc2522000a9e0196_6.jpg",
                    "width": 306,
                    "height": 306
                },
                "thumbnail": {
                    "url": "http://distilleryimage9.s3.amazonaws.com/03af0ffa313711e3bc2522000a9e0196_5.jpg",
                    "width": 150,
                    "height": 150
                },
                "standard_resolution": {
                    "url": "http://distilleryimage9.s3.amazonaws.com/03af0ffa313711e3bc2522000a9e0196_8.jpg",
                    "width": 640,
                    "height": 640
                }
            },
            "users_in_photo": [],
            "caption": {
                "created_time": "1381359834",
                "text": "Shots are ready to be styled! #stylishshot #bvc",
                "from": {
                    "username": "baileysus",
                    "profile_picture": "http://images.ak.instagram.com/profiles/profile_242058556_75sq_1351892332.jpg",
                    "id": "242058556",
                    "full_name": "BaileysUS"
                },
                "id": "563209573401859742"
            },
            "user_has_liked": false,
            "id": "563209370045224041_242058556",
            "user": {
                "username": "baileysus",
                "website": "",
                "profile_picture": "http://images.ak.instagram.com/profiles/profile_242058556_75sq_1351892332.jpg",
                "full_name": "BaileysUS",
                "bio": "",
                "id": "242058556"
            }
        }
    ]
}